plithos stoixeion katanomis,xronos katanomis,ipodianisma1,ipodiastima2,ipodiastima3
50000,0.03490734100341797,18515,13079,12124
50000,0.04286503791809082,36921,18406,3960
50000,0.029919147491455078,31485,13079,3960
50000,0.03290867805480957,31485,13079,3960
50000,0.04188704490661621,31485,30530,18406
50000,0.027925729751586914,18515,13079,3960
50000,0.030917882919311523,31485,18406,3960
50000,0.030917882919311523,31485,18406,3960
50000,0.032912492752075195,36921,18515,3960
50000,0.028922557830810547,31485,13079,3960
50000,0.033913612365722656,31485,18406,3960
50000,0.029919862747192383,31485,13079,3960
50000,0.02992081642150879,18515,13079,3960
50000,0.032912254333496094,31485,13079,9119
50000,0.03490638732910156,36921,18515,3960
50000,0.038895606994628906,36921,18406,3960
50000,0.08976030349731445,31485,18406,3960
50000,0.035904645919799805,36921,18406,3960
50000,0.03291153907775879,36921,18406,3960
50000,0.041939735412597656,46040,18515,9119
50000,0.027893543243408203,18515,13079,3960
50000,0.03289198875427246,18515,13079,9119
50000,0.033882856369018555,31485,13079,3960
50000,0.06281113624572754,49045,30530,18406
50000,0.03390955924987793,18515,13079,12124
50000,0.0797874927520752,36921,18515,3960
50000,0.0929725170135498,46040,18515,9119
50000,0.03296947479248047,18515,13079,3960
50000,0.027924537658691406,18515,13079,3960
50000,0.029920578002929688,18515,13079,3960
50000,0.049677133560180664,46040,18515,9119
50000,0.04288601875305176,31485,13079,3960
50000,0.16954731941223145,18515,13079,12124
50000,0.03989291191101074,36921,18406,3960
50000,0.04787278175354004,31485,13079,9119
50000,0.05983996391296387,36921,18515,3960
50000,0.052367448806762695,18515,13079,9119
50000,0.03690147399902344,18515,13079,3960
50000,0.0388944149017334,36921,18406,3960
50000,0.04288482666015625,36921,18515,3960
50000,0.03490567207336426,31485,13079,3960
50000,0.03191518783569336,18515,13079,9119
50000,0.039893388748168945,31485,18406,3960
50000,0.026927471160888672,18515,13079,3960
50000,0.031914710998535156,18515,13079,3960
50000,0.033910274505615234,31485,13079,3960
50000,0.03291153907775879,18515,13079,12895
50000,0.03490638732910156,31485,13079,3960
50000,0.08776378631591797,18515,13079,9119
50000,0.02692890167236328,18515,13079,9119
50000,0.03191423416137695,18515,13079,9119
50000,0.03391003608703613,31485,13079,9119
50000,0.0324549674987793,18515,13079,13044
50000,0.039893150329589844,31485,27525,18406
50000,0.02892327308654785,18515,13079,3960
50000,0.035903215408325195,31485,18406,3960
50000,0.028923511505126953,18515,13079,3960
50000,0.03390908241271973,31485,18406,3960
50000,0.03150224685668945,18515,13079,9119
50000,0.13663506507873535,31485,13079,3960
50000,0.027926206588745117,18515,13079,3960
50000,0.07829880714416504,31485,30530,18406
50000,0.03690147399902344,31485,13079,3960
50000,0.04388427734375,18515,13079,3960
50000,0.06083822250366211,49045,30530,12124
50000,0.034906625747680664,18515,13079,3960
50000,0.03690075874328613,18515,13079,9119
50000,0.03490591049194336,31485,18406,3960
50000,0.03191566467285156,18515,13079,3960
50000,0.03490781784057617,31485,13079,9119
50000,0.04288530349731445,31485,13079,12124
50000,0.0498659610748291,18515,13079,3960
50000,0.03390860557556152,18515,13079,9119
50000,0.05285906791687012,31485,13079,3960
50000,0.04587697982788086,18515,13079,9119
50000,0.0718076229095459,31485,13079,3960
50000,0.05385470390319824,36921,18515,3960
50000,0.04388284683227539,36921,18515,3960
50000,0.033910512924194336,18515,13079,3960
50000,0.029919147491455078,18515,13079,3960
50000,0.030918121337890625,18515,13079,3960
50000,0.0359044075012207,36921,18515,3960
50000,0.0324246883392334,18515,13079,3960
50000,0.03390812873840332,18515,13079,3960
50000,0.03391003608703613,36921,18515,3960
50000,0.034906625747680664,31485,18406,3960
50000,0.12765860557556152,46040,18515,9119
50000,0.04188847541809082,18515,13079,3960
50000,0.03989458084106445,31485,13079,3960
50000,0.07280564308166504,31485,18406,3960
50000,0.055850982666015625,31485,13079,9119
50000,0.034906625747680664,36921,18515,3960
50000,0.03490638732910156,18515,13079,3960
50000,0.03789949417114258,18515,13079,9119
50000,0.042885780334472656,18515,13079,3960
50000,0.09075713157653809,49045,36921,18406
50000,0.040402889251708984,36921,18515,3960
50000,0.02692723274230957,18515,13079,3960
50000,0.03490734100341797,18515,13079,12124
50000,0.027924537658691406,18515,13079,3960
50000,0.14461517333984375,36921,18406,3960
50000,0.041963815689086914,31485,13079,3960
50000,0.05835461616516113,18515,13079,9119
50000,0.03690052032470703,31485,18406,3960
50000,0.04887127876281738,36921,18515,3960
50000,0.0438840389251709,18515,13079,9119
50000,0.03391003608703613,18515,13079,3960
50000,0.03390932083129883,31485,13079,9119
50000,0.04088926315307617,36921,18406,3960
50000,0.029920578002929688,18515,13079,3960
50000,0.04188871383666992,18515,13079,3960
50000,0.19148778915405273,36921,18406,3960
50000,0.09075760841369629,36921,18515,3960
50000,0.04188847541809082,31485,13079,9119
50000,0.030057907104492188,18515,13079,3960
50000,0.037899017333984375,18515,13079,3960
50000,0.0359034538269043,18515,13079,3960
50000,0.03391003608703613,31485,13079,3960
50000,0.026929140090942383,18515,13079,3960
50000,0.03789877891540527,31485,13079,3960
50000,0.036900997161865234,18515,13079,3960
50000,0.041887521743774414,31485,13079,3960
50000,0.03097987174987793,18515,13079,3960
50000,0.035903215408325195,18515,13079,9119
50000,0.038983821868896484,18515,13079,3960
50000,0.04288673400878906,18515,13079,12124
50000,0.04388093948364258,18515,13079,3960
50000,0.0683283805847168,49045,36921,18406
50000,0.04188799858093262,31485,13079,3960
50000,0.042885780334472656,18515,13079,3960
50000,0.04986691474914551,36921,18515,3960
50000,0.03490567207336426,36921,18406,3960
50000,0.031914710998535156,18515,13079,9119
50000,0.04089188575744629,36921,18406,3960
50000,0.031914472579956055,18515,13079,9119
50000,0.04587817192077637,46040,18515,9119
50000,0.03291130065917969,31485,13079,3960
50000,0.03690028190612793,36921,18406,3960
50000,0.037899017333984375,46040,18515,9119
50000,0.0359036922454834,31485,13079,9119
50000,0.038896799087524414,31485,27525,9119
50000,0.049379587173461914,46040,18515,9119
50000,0.1042325496673584,31485,13079,9119
50000,0.034906864166259766,36921,18406,3960
50000,0.032912254333496094,36921,18515,3960
50000,0.03590559959411621,36921,18515,3960
50000,0.029918193817138672,31485,18406,3960
50000,0.024933815002441406,18515,13079,3960
50000,0.027926206588745117,18515,13079,3960
50000,0.03233003616333008,36921,18406,3960
50000,0.0338892936706543,31485,13079,3960
50000,0.036901235580444336,36921,18406,3960
50000,0.034906625747680664,31485,13079,3960
50000,0.029920101165771484,18515,13079,9119
50000,0.03889608383178711,36921,18406,3960
50000,0.034922122955322266,31485,13079,3960
50000,0.05086469650268555,46040,18515,9119
50000,0.04188680648803711,31485,13079,9119
50000,0.08277750015258789,36921,18406,3960
50000,0.0329132080078125,31485,13079,3960
50000,0.02991962432861328,18515,13079,3960
50000,0.0438840389251709,46040,27525,9119
50000,0.028924942016601562,18515,13079,3960
50000,0.0359039306640625,31485,13079,9119
50000,0.03390955924987793,18515,13079,12124
50000,0.035904645919799805,36921,18515,3960
50000,0.031914472579956055,31485,13079,3960
50000,0.03642082214355469,36921,18515,3960
50000,0.030915021896362305,31485,13079,3960
50000,0.03488588333129883,18515,13079,3960
50000,0.03391003608703613,31485,18406,3960
50000,0.03391003608703613,31485,13079,9119
50000,0.028922557830810547,18515,13079,3960
50000,0.030805110931396484,18515,13079,3960
50000,0.10918903350830078,46040,36921,18515
50000,0.04139542579650879,46040,18515,9119
50000,0.03490591049194336,36921,18515,3960
50000,0.03142595291137695,18515,13079,3960
50000,0.03191566467285156,31485,13079,9119
50000,0.03789973258972168,36921,18406,3960
50000,0.05086350440979004,36921,18515,3960
50000,0.0718083381652832,18515,13079,3960
50000,0.04388260841369629,18515,13079,3960
50000,0.042885780334472656,31485,13079,3960
50000,0.0388951301574707,36921,18406,3960
50000,0.03989243507385254,31485,13079,3960
50000,0.03391003608703613,18515,13079,3960
50000,0.1466078758239746,31485,13079,3960
50000,0.07929825782775879,46040,36921,18515
50000,0.04089069366455078,31485,18406,3960
50000,0.03889608383178711,31485,13079,12124
50000,0.030916452407836914,18515,13079,3960
50000,0.036901235580444336,36921,18515,3960
50000,0.03690004348754883,31485,18406,3960
50000,0.03689932823181152,18515,13079,3960
50000,0.0329129695892334,18515,13079,3960
50000,0.07231473922729492,46040,36921,18406
50000,0.04838204383850098,31485,18406,3960
50000,0.04239940643310547,36921,18515,3960
50000,0.03291201591491699,18515,13079,3960
50000,0.1236884593963623,31485,13079,3960
50000,0.038897037506103516,31485,13079,9119
50000,0.04188871383666992,31485,13079,12124
50000,0.0438847541809082,31485,13079,3960
50000,0.02992105484008789,18515,13079,3960
50000,0.03390932083129883,18515,13079,3960
50000,0.03291177749633789,18515,13079,3960
50000,0.05585050582885742,49045,30530,12124
50000,0.040891170501708984,31485,30530,12124
50000,0.03590202331542969,31485,18406,3960
50000,0.02992105484008789,18515,13079,3960
50000,0.031915903091430664,18515,13079,3960
50000,0.03591299057006836,31485,18406,3960
50000,0.03191637992858887,18515,13079,3960
50000,0.047872304916381836,31485,27525,9119
50000,0.056847333908081055,18515,13079,9119
50000,0.06482696533203125,31485,27525,18406
50000,0.09075617790222168,46040,36921,18515
50000,0.03690171241760254,18515,13079,12124
50000,0.03468155860900879,18515,13079,3960
50000,0.06193661689758301,36921,18515,3960
50000,0.052858829498291016,18515,13079,9119
50000,0.03690147399902344,31485,18406,3960
50000,0.03740525245666504,31485,18406,3960
50000,0.03889799118041992,18515,13079,3960
50000,0.04886960983276367,46040,27525,18406
50000,0.0438838005065918,36921,18406,3960
50000,0.05784726142883301,46040,36921,18515
50000,0.05285954475402832,31485,13079,3960
50000,0.08078432083129883,31485,27525,9119
50000,0.04587745666503906,31485,13079,9119
50000,0.033910274505615234,31485,13079,3960
50000,0.04188680648803711,31485,18406,3960
50000,0.03889608383178711,36921,18406,3960
50000,0.041889190673828125,31485,13079,9119
50000,0.029921531677246094,18515,13079,3960
50000,0.05186128616333008,31485,13079,9119
50000,0.03490900993347168,31485,13079,3960
50000,0.034906864166259766,18515,13079,3960
50000,0.04188847541809082,36921,18406,3960
50000,0.03490638732910156,31485,13079,3960
50000,0.029920339584350586,18515,13079,3960
50000,0.032109737396240234,18515,13079,3960
50000,0.03191423416137695,18515,13079,9119
50000,0.1152031421661377,31485,13079,3960
50000,0.04986715316772461,31485,13079,3960
50000,0.03341817855834961,31485,13079,3960
50000,0.05037355422973633,36921,18515,3960
50000,0.04488110542297363,31485,13079,3960
50000,0.04188847541809082,36921,18515,3960
50000,0.032912254333496094,18515,13079,3960
50000,0.0329134464263916,18515,13079,3960
50000,0.03789949417114258,18515,13079,3960
50000,0.032912254333496094,31485,13079,3960
50000,0.026928424835205078,18515,13079,3960
50000,0.03191566467285156,18515,13079,3960
50000,0.04488015174865723,36921,18515,3960
50000,0.050864219665527344,18515,13079,3960
50000,0.06682038307189941,18515,13079,3960
50000,0.03242635726928711,18515,13079,3960
50000,0.03690171241760254,36921,18406,3960
50000,0.03940725326538086,36921,18406,3960
50000,0.044881343841552734,31485,13079,3960
50000,0.04089164733886719,31485,13079,3960
50000,0.049866437911987305,18515,13079,9119
50000,0.03390908241271973,18515,13079,3960
50000,0.05086469650268555,31485,13079,3960
50000,0.03789854049682617,18515,13079,9119
50000,0.06832575798034668,31485,27525,9119
50000,0.049379825592041016,36921,18406,3960
50000,0.0473940372467041,18515,13079,3960
50000,0.23089385032653809,18515,13079,12124
50000,0.07080960273742676,18515,13079,3960
50000,0.08577084541320801,46040,18515,9119
50000,0.06932473182678223,31485,18406,3960
50000,0.07579803466796875,31485,30530,18406
50000,0.04887080192565918,36921,18515,3960
50000,0.050866127014160156,31485,13079,9119
50000,0.03690075874328613,18515,13079,3960
50000,0.034906625747680664,31485,13079,3960
50000,0.05983901023864746,18515,13079,3960
50000,0.15409564971923828,31485,13079,3960
50000,0.08577179908752441,31485,13079,3960
50000,0.047870635986328125,31485,13079,9119
50000,0.03291201591491699,18515,13079,3960
50000,0.03391003608703613,18515,13079,3960
50000,0.043883323669433594,36921,18515,3960
50000,0.03789806365966797,31485,13079,9119
50000,0.040891408920288086,18515,13079,3960
50000,0.052858591079711914,36921,18406,3960
50000,0.045877933502197266,31485,13079,9119
50000,0.20582175254821777,18515,13079,3960
50000,0.03889608383178711,36921,18515,3960
50000,0.0359034538269043,18515,13079,3960
50000,0.04288649559020996,36921,18406,3960
50000,0.045877695083618164,36921,18406,3960
50000,0.034906625747680664,31485,18406,3960
50000,0.044879913330078125,36921,18406,3960
50000,0.04587864875793457,31485,27525,18406
50000,0.034906625747680664,31485,13079,3960
50000,0.034905433654785156,31485,13079,3960
50000,0.046875715255737305,31485,27525,9119
50000,0.04388284683227539,31485,13079,3960
50000,0.052858591079711914,46040,27525,9119
50000,0.13863086700439453,31485,13079,3960
50000,0.038899898529052734,46040,18515,9119
50000,0.035904645919799805,31485,18406,3960
50000,0.04089188575744629,31485,13079,9119
50000,0.03789806365966797,31485,13079,3960
50000,0.037899017333984375,36921,18406,3960
50000,0.0438838005065918,36921,18515,3960
50000,0.03390979766845703,18515,13079,12124
50000,0.03490567207336426,18515,13079,9119
50000,0.033179521560668945,18515,13079,3960
50000,0.0578458309173584,36921,18406,3960
50000,0.058843374252319336,36921,18515,3960
50000,0.033910274505615234,18515,13079,3960
50000,0.03789854049682617,36921,18515,3960
50000,0.04487872123718262,36921,18515,3960
50000,0.04088997840881348,31485,13079,9119
50000,0.03989267349243164,36921,18515,3960
50000,0.0329127311706543,18515,13079,9119
50000,0.049866437911987305,31485,18406,3960
50000,0.0468754768371582,31485,27525,9119
50000,0.054853200912475586,31485,31301,12895
50000,0.03889608383178711,36921,18406,3960
50000,0.03291201591491699,18515,13079,9119
50000,0.0329127311706543,18515,13079,9119
50000,0.032651662826538086,18515,13079,3960
50000,0.03191518783569336,18515,13079,3960
50000,0.06682014465332031,49816,46040,18515
50000,0.03690075874328613,31485,18406,3960
50000,0.13463973999023438,31485,27525,18406
50000,0.04488086700439453,36921,18515,3960
50000,0.03291130065917969,18515,13079,3960
50000,0.03889656066894531,18515,13079,9119
50000,0.035903215408325195,18515,13079,3960
50000,0.046874284744262695,18515,13079,3960
50000,0.04288458824157715,31485,13079,3960
50000,0.054851531982421875,18515,13079,3960
50000,0.04886817932128906,36921,18406,3960
50000,0.03690075874328613,31485,13079,9119
50000,0.05285906791687012,46040,18515,9119
50000,0.051862478256225586,18515,13079,3960
50000,0.12816691398620605,18515,13079,3960
50000,0.03789663314819336,31485,18406,3960
50000,0.03291201591491699,31485,13079,3960
50000,0.04188942909240723,31485,18406,3960
50000,0.034906864166259766,31485,13079,3960
50000,0.035454511642456055,18515,13079,3960
50000,0.0468754768371582,31485,13079,3960
50000,0.03889632225036621,18515,13079,9119
50000,0.0359036922454834,31485,13079,3960
50000,0.04089021682739258,31485,27525,18406
50000,0.028921842575073242,18515,13079,3960
50000,0.03989219665527344,31485,13079,3960
50000,0.035901546478271484,31485,18406,3960
50000,0.04886913299560547,46040,27525,9119
50000,0.14561128616333008,36921,18515,3960
50000,0.04089069366455078,36921,18515,3960
50000,0.035903215408325195,31485,18406,3960
50000,0.04488039016723633,36921,18515,3960
50000,0.03390979766845703,18515,13079,9119
50000,0.042887210845947266,18515,13079,9119
50000,0.034906625747680664,18515,13079,3960
50000,0.04188847541809082,31485,13079,12124
50000,0.03191518783569336,18515,13079,3960
50000,0.03091597557067871,18515,13079,3960
50000,0.061231136322021484,36921,18406,3960
50000,0.05186152458190918,31485,18406,3960
50000,0.03590536117553711,18515,13079,9119
50000,0.04189181327819824,18515,13079,3960
50000,0.15073609352111816,18515,13079,3960
50000,0.047872304916381836,18515,13079,9119
50000,0.042397260665893555,36921,18406,3960
50000,0.036900997161865234,36921,18406,3960
50000,0.03789782524108887,36921,18406,3960
50000,0.046875715255737305,46040,18515,9119
50000,0.03191375732421875,31485,13079,3960
50000,0.04088854789733887,36921,18406,3960
50000,0.04089093208312988,36921,18406,3960
50000,0.047870635986328125,46040,27525,9119
50000,0.03191494941711426,18515,13079,3960
50000,0.03390789031982422,18515,13079,3960
50000,0.036900997161865234,31485,18406,3960
50000,0.03391003608703613,31485,13079,3960
50000,0.15059733390808105,31485,18406,3960
50000,0.03490781784057617,31485,13079,3960
50000,0.031914710998535156,18515,13079,9119
50000,0.03541231155395508,31485,13079,3960
50000,0.04088997840881348,18515,13079,9119
50000,0.05186152458190918,36921,18406,3960
50000,0.04188680648803711,18515,13079,3960
50000,0.036901235580444336,18515,13079,3960
50000,0.04089069366455078,31485,18406,3960
50000,0.05984044075012207,46040,36921,18515
50000,0.036720991134643555,31485,13079,12124
50000,0.03690218925476074,31485,13079,3960
50000,0.038895368576049805,36921,18515,3960
50000,0.02892303466796875,18515,13079,3960
50000,0.0329127311706543,18515,13079,3960
50000,0.03889775276184082,31485,13079,9119
50000,0.035902976989746094,36921,18515,3960
50000,0.03490614891052246,31485,13079,3960
50000,0.0359039306640625,31485,13079,3960
50000,0.03989458084106445,36921,18515,3960
50000,0.034906625747680664,18515,13079,9119
50000,0.03191518783569336,18515,13079,9119
50000,0.030918359756469727,18515,13079,3960
50000,0.03689980506896973,18515,13079,12124
50000,0.03490591049194336,31485,13079,3960
50000,0.03989458084106445,31485,13079,3960
50000,0.048868656158447266,31485,27525,9119
50000,0.030428647994995117,18515,13079,3960
50000,0.11768579483032227,18515,13079,3960
50000,0.03989434242248535,18515,13079,3960
50000,0.037897586822509766,31485,13079,3960
50000,0.03789877891540527,36921,18406,3960
50000,0.03989291191101074,18515,13079,9119
50000,0.036901235580444336,36921,18515,3960
50000,0.03690075874328613,36921,18406,3960
50000,0.04288673400878906,31485,18406,3960
50000,0.03690052032470703,36921,18515,3960
50000,0.033910512924194336,31485,18406,3960
50000,0.03390812873840332,18515,13079,9119
50000,0.05585050582885742,31485,27525,9119
50000,0.0688161849975586,31485,13079,3960
50000,0.06981134414672852,18515,13079,3960
50000,0.049866437911987305,46040,18515,9119
50000,0.061835289001464844,49816,18515,12895
50000,0.059841156005859375,31485,30530,12124
50000,0.18949341773986816,36921,18515,3960
50000,0.047872304916381836,31485,13079,9119
50000,0.0359039306640625,36921,18515,3960
50000,0.0408930778503418,36921,18406,3960
50000,0.03338027000427246,31485,13079,3960
50000,0.035904884338378906,36921,18406,3960
50000,0.03789973258972168,31485,13079,9119
50000,0.11569023132324219,31485,13079,3960
50000,0.05086112022399902,49045,18515,12124
50000,0.060837745666503906,31485,27525,18406
50000,0.05285787582397461,36921,18406,3960
50000,0.05385613441467285,46040,18515,9119
50000,0.026928186416625977,18515,13079,3960
50000,0.03789830207824707,36921,18406,3960
50000,0.03390955924987793,31485,13079,3960
50000,0.041887760162353516,31485,13079,3960
50000,0.04587721824645996,36921,18515,3960
50000,0.0359039306640625,31485,18406,3960
50000,0.04488039016723633,31485,13079,12124
50000,0.0608365535736084,36921,18515,3960
50000,0.04787278175354004,36921,18406,3960
50000,0.031915903091430664,18515,13079,9119
50000,0.03789830207824707,36921,18406,3960
50000,0.05086469650268555,49045,30530,12124
50000,0.028843164443969727,18515,13079,3960
50000,0.03391003608703613,31485,18406,3960
50000,0.027924060821533203,18515,13079,3960
50000,0.038895368576049805,36921,18406,3960
50000,0.03191566467285156,31485,13079,3960
50000,0.035904645919799805,31485,13079,9119
50000,0.027925491333007812,18515,13079,9119
50000,0.03741288185119629,31485,18406,3960
50000,0.0359039306640625,36921,18515,3960
50000,0.035416603088378906,31485,13079,9119
50000,0.035904645919799805,36921,18515,3960
50000,0.03043222427368164,18515,13079,3960
50000,0.03490734100341797,31485,13079,3960
50000,0.04089188575744629,36921,18406,3960
50000,0.033908843994140625,36921,18406,3960
50000,0.02892327308654785,18515,13079,3960
50000,0.034906625747680664,36921,18515,3960
50000,0.031916141510009766,31485,13079,3960
50000,0.040889739990234375,31485,27525,18406
50000,0.0359041690826416,36921,18515,3960
50000,0.03091740608215332,18515,13079,3960
50000,0.034906864166259766,31485,13079,9119
50000,0.037899017333984375,36921,18515,3960
50000,0.03690147399902344,31485,18406,3960
50000,0.03191518783569336,18515,13079,12124
50000,0.05186152458190918,46040,36921,18515
50000,0.027924537658691406,18515,13079,9119
50000,0.0359034538269043,31485,13079,3960
50000,0.033908843994140625,31485,13079,3960
50000,0.05285811424255371,36921,18406,3960
50000,0.03490614891052246,31485,13079,3960
50000,0.029919862747192383,18515,13079,9119
50000,0.038545846939086914,46040,18515,9119
50000,0.02892327308654785,18515,13079,3960
50000,0.03191065788269043,18515,13079,9119
50000,0.033908843994140625,36921,18515,3960
50000,0.03390955924987793,31485,18406,3960
50000,0.04188871383666992,31485,13079,3960
50000,0.03490781784057617,18515,13079,3960
50000,0.06582379341125488,46040,27525,18406
50000,0.036902427673339844,31485,13079,3960
50000,0.027925729751586914,18515,13079,3960
50000,0.03291177749633789,31485,13079,3960
50000,0.03390979766845703,31485,13079,9119
50000,0.1406242847442627,18515,13079,12124
50000,0.04188847541809082,18515,13079,9119
50000,0.038897037506103516,31485,13079,3960
50000,0.032911062240600586,18515,13079,9119
50000,0.03120255470275879,18515,13079,9119
50000,0.041886091232299805,49045,18515,12124
50000,0.03441953659057617,31485,18406,3960
50000,0.036900997161865234,36921,18515,3960
50000,0.031914710998535156,18515,13079,12124
50000,0.03390860557556152,31485,18406,3960
50000,0.050864219665527344,46040,36921,18515
50000,0.041887760162353516,46040,18515,9119
50000,0.03690075874328613,36921,18406,3960
50000,0.03391003608703613,18515,13079,12124
50000,0.029921293258666992,18515,13079,3960
50000,0.10870981216430664,18515,13079,3960
50000,0.04887032508850098,46040,27525,18406
50000,0.03191494941711426,31485,13079,3960
50000,0.03390979766845703,31485,18406,3960
50000,0.02592921257019043,18515,13079,3960
50000,0.03390979766845703,36921,18515,3960
50000,0.04288506507873535,46040,27525,18406
50000,0.02991771697998047,31485,13079,3960
50000,0.0359036922454834,31485,18406,3960
50000,0.0359034538269043,36921,18515,3960
50000,0.029920339584350586,18515,13079,3960
50000,0.031914710998535156,18515,13079,9119
50000,0.04089188575744629,31485,27525,9119
50000,0.032912492752075195,31485,13079,3960
50000,0.03490614891052246,31485,18406,3960
50000,0.027925491333007812,18515,13079,3960
50000,0.03191423416137695,31485,18406,3960
50000,0.03390932083129883,31485,18406,3960
50000,0.03690218925476074,36921,18406,3960
50000,0.030917882919311523,18515,13079,9119
50000,0.03690028190612793,36921,18515,3960
50000,0.03340578079223633,31485,18406,3960
50000,0.03291201591491699,31485,18406,3960
50000,0.03191566467285156,31485,13079,3960
50000,0.034906625747680664,31485,13079,9119
50000,0.02792501449584961,18515,13079,9119
50000,0.04819154739379883,49045,30530,18406
50000,0.02792501449584961,18515,13079,3960
50000,0.028925180435180664,18515,13079,3960
50000,0.03291130065917969,31485,13079,3960
50000,0.03989458084106445,46040,27525,9119
50000,0.04887056350708008,49045,30530,12124
50000,0.03789830207824707,31485,13079,12124
50000,0.03989434242248535,36921,18515,3960
50000,0.1156911849975586,46040,27525,9119
50000,0.035904645919799805,36921,18406,3960
50000,0.02792501449584961,18515,13079,3960
50000,0.050864219665527344,46040,36921,18515
50000,0.029920578002929688,31485,13079,3960
50000,0.03390908241271973,31485,13079,9119
50000,0.028921127319335938,31485,18406,3960
50000,0.03541851043701172,18515,13079,12124
50000,0.028923988342285156,18515,13079,3960
50000,0.03590273857116699,36921,18406,3960
50000,0.03390908241271973,31485,18406,3960
50000,0.03191542625427246,31485,13079,3960
50000,0.027925729751586914,18515,13079,3960
50000,0.03390932083129883,31485,13079,3960
50000,0.030917882919311523,18515,13079,3960
50000,0.0468754768371582,46040,27525,18406
50000,0.04688310623168945,46040,27525,9119
50000,0.09924507141113281,31485,13079,3960
50000,0.046875,46040,27525,18406
50000,0.02892303466796875,18515,13079,3960
50000,0.03191518783569336,18515,13079,3960
50000,0.029920578002929688,18515,13079,12124
50000,0.03390932083129883,31485,13079,3960
50000,0.035915374755859375,36921,18406,3960
50000,0.02792525291442871,18515,13079,3960
50000,0.03191566467285156,18515,13079,9119
50000,0.03889608383178711,36921,18515,3960
50000,0.04388093948364258,31485,27525,9119
50000,0.04488039016723633,31485,13079,9119
50000,0.0359036922454834,36921,18406,3960
50000,0.027925968170166016,18515,13079,3960
50000,0.10372281074523926,31485,13079,3960
50000,0.03011798858642578,18515,13079,3960
50000,0.031914710998535156,31485,13079,3960
50000,0.03191518783569336,18515,13079,3960
50000,0.03291034698486328,31485,13079,9119
50000,0.04304313659667969,46040,27525,9119
50000,0.0279238224029541,18515,13079,3960
50000,0.038895606994628906,31485,27525,9119
50000,0.03092503547668457,18515,13079,3960
50000,0.03360247611999512,31485,18406,3960
50000,0.034880638122558594,36921,18515,3960
50000,0.0338897705078125,31485,18406,3960
50000,0.036881446838378906,31485,13079,12124
50000,0.028922080993652344,18515,13079,3960
50000,0.03688216209411621,31485,18406,3960
50000,0.03388810157775879,18515,13079,12124
50000,0.03804945945739746,46040,18515,9119
50000,0.09924483299255371,31485,13079,3960
50000,0.028922080993652344,18515,13079,9119
50000,0.026435136795043945,18515,13079,3960
50000,0.029918909072875977,18515,13079,3960
50000,0.03390908241271973,31485,13079,9119
50000,0.030918598175048828,18515,13079,3960
50000,0.04488015174865723,46040,27525,18406
50000,0.028923511505126953,18515,13079,3960
50000,0.03191542625427246,18515,13079,3960
50000,0.03291153907775879,31485,18406,3960
50000,0.03390955924987793,31485,18406,3960
50000,0.03390955924987793,31485,13079,3960
50000,0.03490805625915527,31485,18406,3960
50000,0.033911943435668945,31485,18406,3960
50000,0.03390955924987793,31485,13079,9119
50000,0.030917882919311523,31485,13079,3960
50000,0.03191494941711426,18515,13079,12124
50000,0.030918121337890625,31485,13079,3960
50000,0.04838109016418457,31485,13079,3960
50000,0.04539203643798828,46040,27525,9119
50000,0.030916929244995117,18515,13079,9119
50000,0.02992105484008789,18515,13079,3960
50000,0.03291201591491699,31485,18406,3960
50000,0.0359036922454834,36921,18515,3960
50000,0.02692723274230957,18515,13079,9119
50000,0.03989124298095703,36921,18515,3960
50000,0.028902530670166016,18515,13079,3960
50000,0.03522205352783203,31485,18406,3960
50000,0.030897855758666992,18515,13079,9119
50000,0.035898685455322266,31485,13079,3960
50000,0.025931119918823242,18515,13079,3960
50000,0.02792525291442871,18515,13079,3960
50000,0.03390932083129883,31485,13079,9119
50000,0.02892303466796875,18515,13079,3960
50000,0.026927709579467773,18515,13079,3960
50000,0.10422587394714355,18515,13079,3960
50000,0.03391003608703613,31485,18406,3960
50000,0.037900686264038086,36921,18515,3960
50000,0.03390955924987793,18515,13079,12124
50000,0.03989410400390625,46040,18515,9119
50000,0.027924537658691406,18515,13079,3960
50000,0.03091597557067871,31485,13079,3960
50000,0.03291201591491699,31485,13079,3960
50000,0.028923988342285156,18515,13079,3960
50000,0.025937557220458984,18515,13079,3960
50000,0.025930166244506836,18515,13079,3960
50000,0.030917644500732422,31485,13079,3960
50000,0.0388951301574707,31485,27525,9119
50000,0.03290557861328125,31485,13079,3960
50000,0.03987312316894531,36921,18406,3960
50000,0.03690075874328613,36921,18406,3960
50000,0.10821890830993652,18515,13079,3960
50000,0.0368802547454834,31485,18406,3960
50000,0.04188966751098633,46040,18515,9119
50000,0.04488253593444824,49816,18515,12895
50000,0.03191518783569336,18515,13079,3960
50000,0.03690147399902344,36921,18406,3960
50000,0.03889751434326172,36921,18406,3960
50000,0.04016828536987305,31485,27525,18406
50000,0.028922319412231445,18515,13079,3960
50000,0.03191518783569336,18515,13079,3960
50000,0.03789782524108887,36921,18406,3960
50000,0.0359041690826416,36921,18406,3960
50000,0.04614758491516113,49045,30530,12124
50000,0.030917882919311523,18515,13079,3960
50000,0.030427217483520508,31485,13079,3960
50000,0.09226298332214355,18515,13079,3960
50000,0.034906625747680664,36921,18406,3960
50000,0.03091597557067871,18515,13079,3960
50000,0.028923511505126953,18515,13079,3960
50000,0.02892327308654785,18515,13079,3960
50000,0.043884992599487305,49045,18515,12124
50000,0.037897348403930664,31485,18406,3960
50000,0.031914472579956055,18515,13079,12124
50000,0.029920339584350586,18515,13079,3960
50000,0.03191566467285156,31485,13079,3960
50000,0.02892327308654785,18515,13079,3960
50000,0.031914472579956055,31485,18406,3960
50000,0.03789997100830078,36921,18406,3960
50000,0.03789877891540527,31485,27525,9119
50000,0.04886937141418457,46040,36921,18515
50000,0.03191566467285156,31485,13079,3960
50000,0.031914472579956055,18515,13079,9119
50000,0.033908843994140625,31485,13079,9119
50000,0.03641533851623535,36921,18406,3960
50000,0.11070561408996582,36921,18406,3960
50000,0.0359034538269043,31485,13079,9119
50000,0.03391003608703613,36921,18515,3960
50000,0.035901784896850586,36921,18515,3960
50000,0.038895606994628906,31485,18406,3960
50000,0.03231096267700195,31485,18406,3960
50000,0.035883426666259766,31485,18406,3960
50000,0.03639388084411621,31485,13079,12124
50000,0.03889608383178711,31485,18406,3960
50000,0.04488039016723633,36921,18406,3960
50000,0.06582427024841309,31485,13079,9119
50000,0.04487967491149902,31485,13079,3960
50000,0.03789806365966797,36921,18515,3960
50000,0.028922319412231445,18515,13079,3960
50000,0.18350958824157715,18515,13079,3960
50000,0.06482648849487305,36921,18406,3960
50000,0.05385637283325195,36921,18515,3960
50000,0.0359036922454834,18515,13079,9119
50000,0.03789806365966797,36921,18406,3960
50000,0.03191494941711426,18515,13079,3960
50000,0.03889727592468262,36921,18515,3960
50000,0.0359039306640625,31485,13079,3960
50000,0.035904884338378906,36921,18515,3960
50000,0.03789830207824707,36921,18515,3960
50000,0.04588174819946289,46040,18515,9119
50000,0.0359034538269043,31485,18406,3960
50000,0.031991004943847656,31485,13079,3960
50000,0.03390836715698242,31485,13079,3960
50000,0.033908843994140625,31485,13079,3960
50000,0.02892303466796875,18515,13079,3960
50000,0.03491020202636719,31485,13079,3960
50000,0.04089188575744629,31485,18406,3960
50000,0.03778982162475586,36921,18515,3960
50000,0.028923749923706055,18515,13079,3960
50000,0.028923511505126953,18515,13079,3960
50000,0.03391003608703613,31485,18406,3960
50000,0.030916690826416016,31485,13079,3960
50000,0.03789925575256348,36921,18406,3960
50000,0.02992081642150879,18515,13079,9119
50000,0.03590273857116699,31485,18406,3960
50000,0.049868106842041016,31485,13079,3960
50000,0.06981158256530762,31485,13079,9119
50000,0.11967873573303223,31485,18406,3960
50000,0.030917882919311523,18515,13079,3960
50000,0.0438847541809082,36921,18406,3960
50000,0.02892327308654785,18515,13079,3960
50000,0.03390979766845703,18515,13079,9119
50000,0.09873652458190918,31485,27525,18406
50000,0.07231664657592773,46040,27525,9119
50000,0.04986691474914551,18515,13079,9119
50000,0.032912492752075195,18515,13079,3960
50000,0.0359034538269043,31485,13079,3960
50000,0.03191542625427246,18515,13079,3960
50000,0.0388946533203125,31485,13079,3960
50000,0.03989434242248535,31485,13079,3960
50000,0.03690147399902344,18515,13079,9119
50000,0.05585074424743652,31485,13079,9119
50000,0.056847572326660156,36921,18515,3960
50000,0.03442049026489258,36921,18406,3960
50000,0.06035017967224121,46040,36921,18406
50000,0.04089069366455078,36921,18406,3960
50000,0.03242373466491699,18515,13079,12895
50000,0.028923749923706055,18515,13079,3960
50000,0.03291177749633789,18515,13079,9119
50000,0.03690052032470703,31485,18406,3960
50000,0.04089093208312988,46040,18515,9119
50000,0.03490614891052246,36921,18406,3960
50000,0.03989291191101074,18515,13079,3960
50000,0.03989386558532715,31485,13079,9119
50000,0.03689980506896973,31485,18406,3960
50000,0.045877933502197266,46040,27525,18406
50000,0.03690052032470703,36921,18515,3960
50000,0.0359036922454834,31485,18406,3960
50000,0.03191518783569336,31485,13079,3960
50000,0.05485272407531738,46040,36921,18515
50000,0.0359039306640625,36921,18406,3960
50000,0.06482625007629395,18515,13079,3960
50000,0.03390908241271973,31485,13079,3960
50000,0.035903215408325195,18515,13079,3960
50000,0.03490734100341797,36921,18515,3960
50000,0.03690004348754883,31485,13079,3960
50000,0.044881343841552734,46040,27525,9119
50000,0.03543972969055176,36921,18406,3960
50000,0.029920578002929688,18515,13079,3960
50000,0.032912254333496094,18515,13079,3960
50000,0.046259403228759766,49045,36921,18406
50000,0.03490710258483887,18515,13079,3960
50000,0.03916525840759277,31485,13079,3960
50000,0.029919862747192383,18515,13079,3960
50000,0.02819657325744629,18515,13079,3960
50000,0.038895606994628906,36921,18515,3960
50000,0.09925460815429688,18515,13079,9119
50000,0.02892136573791504,18515,13079,3960
50000,0.03989410400390625,31485,27525,18406
50000,0.030918598175048828,18515,13079,3960
50000,0.03390979766845703,18515,13079,9119
50000,0.03490805625915527,36921,18515,3960
50000,0.02892279624938965,18515,13079,3960
50000,0.02992081642150879,18515,13079,3960
50000,0.02992081642150879,18515,13079,3960
50000,0.040891170501708984,36921,18515,3960
50000,0.035904645919799805,31485,13079,12124
50000,0.02892327308654785,18515,13079,3960
50000,0.03191494941711426,18515,13079,3960
50000,0.028921127319335938,18515,13079,9119
50000,0.04088997840881348,46040,18515,9119
50000,0.03391003608703613,31485,18406,3960
50000,0.034906864166259766,31485,18406,3960
50000,0.11269807815551758,31485,13079,9119
50000,0.044879913330078125,46040,18515,9119
50000,0.0329127311706543,31485,13079,3960
50000,0.034906864166259766,31485,18406,3960
50000,0.03490591049194336,31485,13079,3960
50000,0.03549599647521973,36921,18515,3960
50000,0.03790020942687988,36921,18515,3960
50000,0.0329129695892334,18515,13079,12124
50000,0.02992081642150879,18515,13079,3960
50000,0.049379825592041016,36921,18515,3960
50000,0.05022740364074707,36921,18515,3960
50000,0.03789925575256348,31485,27525,9119
50000,0.02892327308654785,18515,13079,3960
50000,0.04986739158630371,31485,18406,3960
50000,0.15957117080688477,18515,13079,9119
50000,0.033908843994140625,18515,13079,3960
50000,0.03989291191101074,31485,18406,3960
50000,0.03789877891540527,31485,13079,3960
50000,0.03291177749633789,18515,13079,3960
50000,0.03490757942199707,31485,13079,3960
50000,0.03490638732910156,31485,18406,3960
50000,0.030918359756469727,18515,13079,3960
50000,0.0359041690826416,36921,18515,3960
50000,0.03990364074707031,36921,18515,3960
50000,0.05086350440979004,46040,36921,18406
50000,0.0359036922454834,36921,18515,3960
50000,0.03291153907775879,18515,13079,3960
50000,0.030918359756469727,31485,13079,3960
50000,0.11668825149536133,36921,18515,3960
50000,0.030918359756469727,18515,13079,3960
50000,0.030917644500732422,31485,13079,3960
50000,0.03889727592468262,36921,18406,3960
50000,0.04838109016418457,31485,27525,18406
50000,0.03690147399902344,36921,18515,3960
50000,0.0359041690826416,36921,18406,3960
50000,0.03490638732910156,31485,13079,9119
50000,0.027925729751586914,18515,13079,3960
50000,0.0468747615814209,31485,18406,3960
50000,0.0359036922454834,36921,18406,3960
50000,0.03291130065917969,18515,13079,12124
50000,0.03391003608703613,18515,13079,3960
50000,0.03191542625427246,31485,13079,3960
50000,0.058843135833740234,31485,27525,18406
50000,0.04188823699951172,36921,18406,3960
50000,0.06382966041564941,46040,36921,18515
50000,0.03390955924987793,31485,13079,9119
50000,0.029900550842285156,18515,13079,3960
50000,0.048848628997802734,31485,18406,3960
50000,0.03291034698486328,18515,13079,3960
50000,0.042885541915893555,31485,13079,3960
50000,0.03208041191101074,18515,13079,3960
50000,0.029919862747192383,18515,13079,3960
50000,0.06183576583862305,49045,30530,12124
50000,0.04388260841369629,18515,13079,12895
50000,0.04986572265625,18515,13079,9119
50000,0.028923511505126953,18515,13079,3960
50000,0.03291201591491699,18515,13079,9119
50000,0.042400360107421875,36921,18406,3960
50000,0.03490638732910156,31485,13079,3960
50000,0.03143000602722168,18515,13079,3960
50000,0.06283283233642578,18515,13079,3960
50000,0.034906625747680664,18515,13079,3960
50000,0.05285811424255371,31485,18406,3960
50000,0.08178162574768066,36921,18406,3960
50000,0.05285835266113281,31485,13079,3960
50000,0.12765908241271973,18515,13079,3960
50000,0.043883562088012695,31485,18406,3960
50000,0.2165539264678955,18515,13079,3960
50000,0.04019951820373535,18515,13079,3960
50000,0.03842878341674805,18515,13079,9119
50000,0.030919551849365234,18515,13079,3960
50000,0.0797879695892334,36921,18515,3960
50000,0.04388308525085449,18515,13079,3960
50000,0.05385637283325195,31485,13079,12895
50000,0.03390932083129883,18515,13079,9119
50000,0.052368879318237305,18515,13079,3960
50000,0.03490710258483887,31485,18406,3960
50000,0.0388946533203125,31485,13079,9119
50000,0.03789806365966797,36921,18406,3960
50000,0.034906864166259766,18515,13079,9119
50000,0.0359039306640625,31485,13079,9119
50000,0.045877695083618164,36921,18406,3960
50000,0.033908843994140625,36921,18406,3960
50000,0.040891408920288086,31485,18406,3960
50000,0.030918359756469727,18515,13079,3960
50000,0.028924226760864258,18515,13079,3960
50000,0.03989243507385254,36921,18406,3960
50000,0.1296536922454834,36921,18406,3960
50000,0.0468747615814209,49045,18515,12124
50000,0.030916929244995117,18515,13079,9119
50000,0.041887760162353516,36921,18406,3960
50000,0.03490638732910156,31485,13079,9119
50000,0.04288530349731445,36921,18406,3960
50000,0.03614616394042969,31485,13079,3960
50000,0.03490591049194336,31485,13079,3960
50000,0.04488229751586914,46040,27525,9119
50000,0.03191566467285156,18515,13079,9119
50000,0.03390955924987793,31485,18406,3960
50000,0.02692699432373047,18515,13079,3960
50000,0.03390955924987793,31485,18406,3960
50000,0.02992081642150879,18515,13079,9119
50000,0.026928424835205078,18515,13079,3960
50000,0.1072242259979248,36921,18406,3960
50000,0.031914472579956055,31485,13079,3960
50000,0.03590250015258789,36921,18515,3960
50000,0.045877695083618164,31485,27525,9119
50000,0.06183433532714844,31485,13079,9119
50000,0.08577132225036621,36921,18515,3960
50000,0.05186104774475098,18515,13079,3960
50000,0.05784487724304199,46040,18515,9119
50000,0.04288530349731445,18515,13079,3960
50000,0.1376328468322754,36921,18515,3960
50000,0.05086493492126465,36921,18406,3960
50000,0.052858591079711914,31485,18406,3960
50000,0.06482720375061035,31485,27525,18406
50000,0.0329129695892334,18515,13079,3960
50000,0.030916213989257812,18515,13079,3960
50000,0.04388117790222168,36921,18515,3960
50000,0.0388951301574707,36921,18406,3960
50000,0.04388308525085449,31485,13079,3960
50000,0.04089093208312988,31485,27525,18406
50000,0.044403076171875,46040,18515,9119
50000,0.2044534683227539,31485,13079,3960
50000,0.07081055641174316,31485,13079,3960
50000,0.047872066497802734,31485,13079,3960
50000,0.040888071060180664,46040,18515,9119
50000,0.03789830207824707,36921,18515,3960
50000,0.032913923263549805,31485,18406,3960
50000,0.02992105484008789,31485,13079,3960
50000,0.02892303466796875,18515,13079,3960
50000,0.032914161682128906,31485,13079,9119
50000,0.030917644500732422,31485,13079,3960
50000,0.04388284683227539,18515,13079,3960
50000,0.02991962432861328,18515,13079,9119
50000,0.050864458084106445,46040,27525,9119
50000,0.11668705940246582,18515,13079,3960
50000,0.030918598175048828,18515,13079,3960
50000,0.03390932083129883,31485,13079,9119
50000,0.025930404663085938,18515,13079,3960
50000,0.030917644500732422,18515,13079,9119
50000,0.03590583801269531,31485,18406,3960
50000,0.030916213989257812,18515,13079,12124
50000,0.031915903091430664,18515,13079,3960
50000,0.025929927825927734,18515,13079,3960
50000,0.2094414234161377,18515,13079,3960
50000,0.04687213897705078,18515,13079,3960
50000,0.06781816482543945,31485,13079,3960
50000,0.18855047225952148,46040,36921,18515
50000,0.04587697982788086,36921,18406,3960
50000,0.0371854305267334,36921,18406,3960
50000,0.03690004348754883,36921,18406,3960
50000,0.03119063377380371,18515,13079,3960
50000,0.0329132080078125,18515,13079,3960
50000,0.0359036922454834,36921,18515,3960
50000,0.04487943649291992,18515,13079,12124
50000,0.038893699645996094,31485,13079,3960
50000,0.049866437911987305,36921,18515,3960
50000,0.04886984825134277,36921,18406,3960
50000,0.038895606994628906,18515,13079,3960
50000,0.030916929244995117,18515,13079,3960
50000,0.037899017333984375,36921,18406,3960
50000,0.08188772201538086,31485,27525,9119
50000,0.032912254333496094,31485,13079,3960
50000,0.06283235549926758,46040,36921,18406
50000,0.05684661865234375,46040,27525,18406
50000,0.05385637283325195,31485,13079,3960
50000,0.06482625007629395,36921,18515,3960
50000,0.032912492752075195,18515,13079,3960
50000,0.04488015174865723,31485,13079,3960
50000,0.0468745231628418,18515,13079,3960
50000,0.06382989883422852,36921,18515,3960
50000,0.04787135124206543,31485,13079,3960
50000,0.03989362716674805,18515,13079,3960
50000,0.05285954475402832,31485,18406,3960
50000,0.06283283233642578,31485,31450,27525
50000,0.06981253623962402,36921,18515,3960
50000,0.0688164234161377,31485,13079,3960
50000,0.2176218032836914,31485,30530,18406
50000,0.05898118019104004,18515,13079,12124
50000,0.11303305625915527,18515,13079,9119
50000,0.0630025863647461,18515,13079,3960
50000,0.0940244197845459,18515,13079,3960
50000,0.07799816131591797,31485,27525,9119
50000,0.1309800148010254,18515,13079,3960
50000,0.356921911239624,31485,13079,3960
50000,0.04498171806335449,36921,18515,3960
50000,0.06998467445373535,31485,18406,3960
50000,0.0519871711730957,18515,13079,3960
50000,0.03096294403076172,18515,13079,9119
50000,0.03896355628967285,36921,18515,3960
50000,0.035974740982055664,31485,13079,3960
50000,0.0439457893371582,18515,13079,12124
50000,0.04195427894592285,18515,13079,3960
50000,0.06193208694458008,18515,13079,3960
50000,0.41394519805908203,18515,13079,3960
50000,0.24987077713012695,18515,13079,9119
50000,0.045011281967163086,31485,13079,3960
50000,0.04998421669006348,31485,13079,3960
50000,0.03598427772521973,18515,13079,3960
50000,0.09197163581848145,36921,18515,3960
50000,0.047997474670410156,18515,13079,3960
50000,0.04302525520324707,18515,13079,9119
50000,0.13303303718566895,31485,13079,3960
50000,0.04702281951904297,36921,18515,3960
50000,0.04998779296875,36921,18406,3960
50000,0.05800771713256836,31485,13079,3960
50000,0.07503676414489746,36921,18515,3960
50000,0.04751133918762207,31485,13079,3960
50000,0.10300159454345703,31485,13079,3960
50000,0.09249472618103027,18515,13079,3960
50000,0.06598353385925293,18515,13079,3960
